{
	id: "org.datagear.chart.pie.ring",
	nameLabel: { value: "环形饼图", localeValues: { "en": "Ring pie" } },
	icons : "icon.png",
	dataSigns:
	[
		{
			name: "name",
			nameLabel: { value: "名称", localeValues: { "en": "Name" } },
			descLabel:
			{
				value: "指标名",
				localeValues: { "en": "Name" }
			},
			required: true,
			multiple: false
		},
		{
			name: "value",
			nameLabel: { value: "数值", localeValues: { "en": "Value" } },
			descLabel:
			{
				value: "指标值",
				localeValues: { "en": "Value" }
			},
			required: true,
			multiple: false
		}
	],
	dataSetRange: 1,
	version: "5.4.0",
	order: 305,
	category: "pie",
	author: "DataGear",
	platformVersion: "5.4.0+"
}