{
	id: "org.datagear.chart.map.heatmap",
	nameLabel: { value: "地图热力图", localeValues: { "en": "Map heatmap" } },
	icons : "icon.png",
	dataSigns:
	[
		{
			name: "name",
			nameLabel: { value: "经度", localeValues: { "en": "Longitude" } },
			descLabel:
			{
				value: "经度值",
				localeValues: { "en": "Longitude" }
			},
			required: true,
			multiple: false
		},
		{
			name: "value",
			nameLabel: { value: "纬度", localeValues: { "en": "Latitude" } },
			descLabel:
			{
				value: "纬度值",
				localeValues: { "en": "Latitude" }
			},
			required: true,
			multiple: false
		},
		{
			name: "weight",
			nameLabel: { value: "热力值", localeValues: { "en": "Weight" } },
			descLabel:
			{
				value: "热力值",
				localeValues: { "en": "Heat weight" }
			},
			required: true,
			multiple: false
		},
		{
			name: "map",
			nameLabel: { value: "地图名", localeValues: { "en": "Map" } },
			descLabel:
			{
				value: "可选标记，图表使用的地图名，用于支持地图随数据刷新的情况，第一个不为空的列值将用作地图名",
				localeValues: { "en": "Optional, the map name of map chart, used by chart that refresh map together with data, the first non-null column value will be used as map name" }
			},
			required: false,
			multiple: false
		}
	],
	dataSetRange: 1,
	version: "5.4.0",
	order: 865,
	categories: [ "map", "heatmap" ],
	categoryOrders: [ 865, 1015 ],
	author: "DataGear",
	platformVersion: "5.4.0+"
}