{
	id : "org.datagear.chart.graph.circular",
	nameLabel: { value: "环形关系图", localeValues: { "en": "Circular graph" } },
	icons : "icon.png",
	dataSigns :
	[
		{
			name : "sourceId",
			nameLabel: { value: "源ID", localeValues: { "en": "Source ID" } },
			descLabel:
			{
				value: "可选标记，源节点ID",
				localeValues: { "en": "Optional, source node ID" }
			},
			required: false,
			multiple: false
		},
		{
			name : "sourceName",
			nameLabel: { value: "源名称", localeValues: { "en": "Source name" } },
			descLabel:
			{
				value: "源节点名称",
				localeValues: { "en": "Name of source node" }
			},
			required: true,
			multiple: false
		},
		{
			name : "sourceCategory",
			nameLabel: { value: "源类别", localeValues: { "en": "Source category" } },
			descLabel:
			{
				value: "可选标记，源节点类别，不同类别的数据将被绘制为不同的颜色",
				localeValues: { "en": "Optional, source node category" }
			},
			required: false,
			multiple: false
		},
		{
			name : "sourceValue",
			nameLabel: { value: "源数值", localeValues: { "en": "Source value" } },
			descLabel:
			{
				value: "可选标记，源节点数值，数值越大节点绘制尺寸越大",
				localeValues: { "en": "Optional, source node value, rendered as node size" }
			},
			required: false,
			multiple: false
		},
		{
			name : "targetId",
			nameLabel: { value: "目标ID", localeValues: { "en": "Target ID" } },
			descLabel:
			{
				value: "可选标记，目标节点ID",
				localeValues: { "en": "Optional, target node ID" }
			},
			required: false,
			multiple: false
		},
		{
			name : "targetName",
			nameLabel: { value: "目标名称", localeValues: { "en": "Target name" } },
			descLabel:
			{
				value: "目标节点名称",
				localeValues: { "en": "Target node name" }
			},
			required: true,
			multiple: false
		},
		{
			name : "targetCategory",
			nameLabel: { value: "目标类别", localeValues: { "en": "Target category" } },
			descLabel:
			{
				value: "可选标记，目标节点类别，不同类别的数据将被绘制为不同的颜色",
				localeValues: { "en": "Optional, target node category" }
			},
			required: false,
			multiple: false
		},
		{
			name : "targetValue",
			nameLabel: { value: "目标数值", localeValues: { "en": "Target value" } },
			descLabel:
			{
				value: "可选标记，目标节点数值，数值越大节点绘制尺寸越大",
				localeValues: { "en": "Optional, target node value, rendered as node size" }
			},
			required: false,
			multiple: false
		},
		{
			name : "value",
			nameLabel: { value: "关系数值", localeValues: { "en": "Graph value" } },
			descLabel:
			{
				value: "可选标记，源节点和目标节点的连接权重数值，数值越大连线越长",
				localeValues: { "en": "Optional, link value between source and target node" }
			},
			required: false,
			multiple: false
		}
	],
	dataSetRange: 1,
	version: "5.4.0",
	order : 1405,
	category: "graph",
	author: "DataGear",
	platformVersion: "5.4.0+"
}