{
	id: "org.datagear.chart.label",
	nameLabel: { value: "基本标签卡", localeValues: { "en": "Basic label" } },
	icons: "icon.png",
	dataSigns :
	[
		{
			name : "name",
			nameLabel: { value: "标签名", localeValues: { "en": "Name" } },
			descLabel:
			{
				value: "可选标记，标签名",
				localeValues: { "en": "Optional, label name" }
			},
			required: false,
			multiple: true
		},
		{
			name : "value",
			nameLabel: { value: "标签值", localeValues: { "en": "Value" } },
			descLabel:
			{
				value: "标签值，可标记多列，每一列都绘制为一个标签值",
				localeValues: { "en": "Label value, can sign multiple columns, each column will be rendered as a label value" }
			},
			required: true,
			multiple: true
		}
	],
	dataSetRange: 1,
	version: "5.4.0",
	order: 9000,
	category:
	{
		name: "label",
		nameLabel: { value: "标签卡", localeValues: { "en": "Label" } },
		order: 9000
	},
	author: "DataGear",
	platformVersion: "5.4.0+"
}