{
	id: "org.datagear.chart.map.flyline",
	nameLabel: { value: "地图飞线图", localeValues: { "en": "Map fly line" } },
	icons : "icon.png",
	dataSigns:
	[
		{
			name: "name",
			nameLabel: { value: "名称", localeValues: { "en": "Name" } },
			descLabel:
			{
				value: "可选标记，指标名",
				localeValues: { "en": "Optional, name" }
			},
			required: false,
			multiple: false
		},
		{
			name: "sourceLongitude",
			nameLabel: { value: "源点经度", localeValues: { "en": "Source longitude" } },
			descLabel:
			{
				value: "源点经度",
				localeValues: { "en": "Source longitude" }
			},
			required: true,
			multiple: false
		},
		{
			name: "sourceLatitude",
			nameLabel: { value: "源点纬度", localeValues: { "en": "Source latitude" } },
			descLabel:
			{
				value: "源点纬度",
				localeValues: { "en": "Source latitude" }
			},
			required: true,
			multiple: false
		},
		{
			name: "targetLongitude",
			nameLabel: { value: "终点经度", localeValues: { "en": "Target longitude" } },
			descLabel:
			{
				value: "终点经度",
				localeValues: { "en": "Target longitude" }
			},
			required: true,
			multiple: false
		},
		{
			name: "targetLatitude",
			nameLabel: { value: "终点纬度", localeValues: { "en": "Target latitude" } },
			descLabel:
			{
				value: "终点纬度",
				localeValues: { "en": "Target latitude" }
			},
			required: true,
			multiple: false
		},
		{
			name: "category",
			nameLabel: { value: "类别", localeValues: { "en": "Category" } },
			descLabel:
			{
				value: "可选标记，数据类别，不同类别的数据将被绘制为不同的系列",
				localeValues: { "en": "Optional, data category, data with the same category will be rendered as a series" }
			},
			required: false,
			multiple: false
		},
		{
			name: "map",
			nameLabel: { value: "地图名", localeValues: { "en": "Map" } },
			descLabel:
			{
				value: "可选标记，图表使用的地图名，用于支持地图随数据刷新的情况，第一个不为空的列值将用作地图名",
				localeValues: { "en": "Optional, the map name of map chart, used by chart that refresh map together with data, the first non-null column value will be used as map name" }
			},
			required: false,
			multiple: false
		}
	],
	dataSetRange: 1,
	version: "5.4.0",
	order: 850,
	category: "map",
	author: "DataGear",
	platformVersion: "5.4.0+"
}