{
	id: "org.datagear.chart.form.select",
	nameLabel: { value: "单选下拉框", localeValues: { "en": "Single select" } },
	dataSigns :
	[
		{
			name : "name",
			nameLabel: { value: "选项名", localeValues: { "en": "Option name" } },
			descLabel:
			{
				value: "可选标记，选项名，可标记多列，且应与【选项值】列一一对应",
				localeValues: { "en": "Optional, select name" }
			},
			required: false,
			multiple: true
		},
		{
			name : "value",
			nameLabel: { value: "选项值", localeValues: { "en": "Option value" } },
			descLabel:
			{
				value: "选项值，可标记多列，每一列都绘制为一个下拉选项",
				localeValues: { "en": "Value, can sign multiple columns, each will be rendered as an option value" }
			},
			required: true,
			multiple: true
		}
	],
	dataSetRange: 1,
	version: "5.4.0",
	order: 9500,
	category:
	{
		name: "form",
		nameLabel: { value: "表单", localeValues: { "en": "Form" } },
		order: 9500
	},
	author: "DataGear",
	platformVersion: "5.4.0+"
}